.. highlight:: psql
.. _sql_dql_queries:

==============
Selecting data
==============

Selecting (i.e., retrieving) data from CrateDB can be done by using an SQL
ref:`SELECT <sql_reference_select>` statement. The response to a ``SELECT``
query includes the column names of the result, the result rows as a
two-dimensional array of values, the row count, and the execution time.

.. SEEALSO::

    :ref:`SELECT syntax <sql_reference_select>`

.. rubric:: Table of contents

.. contents::
   :local:


Introduction
============

A simple select::

    cr> select id, name from locations order by id limit 2;
    +----+-------------------+
    | id | name              |
    +----+-------------------+
    |  1 | North West Ripple |
    |  2 | Outer Eastern Rim |
    +----+-------------------+
    SELECT 2 rows in set (... sec)

If the '*' operator is used, all columns defined in the schema are returned for
each row::

    cr> select * from locations order by id limit 2;
    +----+-------------------+--------------+--------+----------+--------------------------------------------------------------------------------------------------------------------------------------------------------------+-------------+---------------------------------------------------------------------------------------+-----------+
    | id | name              |         date | kind   | position | description                                                                                                                                                  | inhabitants | information                                                                           | landmarks |
    +----+-------------------+--------------+--------+----------+--------------------------------------------------------------------------------------------------------------------------------------------------------------+-------------+---------------------------------------------------------------------------------------+-----------+
    |  1 | North West Ripple | 308534400000 | Galaxy |        1 | Relative to life on NowWhat, living on an affluent world in the North West ripple of the Galaxy is said to be easier by a factor of about seventeen million. |        NULL | [{"evolution_level": 4, "population": 12}, {"evolution_level": 42, "population": 42}] |      NULL |
    |  2 | Outer Eastern Rim | 308534400000 | Galaxy |        2 | The Outer Eastern Rim of the Galaxy where the Guide has supplanted the Encyclopedia Galactica among its more relaxed civilisations.                          |        NULL | [{"evolution_level": 2, "population": 5673745846}]                                    |      NULL |
    +----+-------------------+--------------+--------+----------+--------------------------------------------------------------------------------------------------------------------------------------------------------------+-------------+---------------------------------------------------------------------------------------+-----------+
    SELECT 2 rows in set (... sec)

Aliases can be used to change the output name of the columns::

    cr> select name as n
    ... from locations
    ... where name = 'North West Ripple';
    +-------------------+
    | n                 |
    +-------------------+
    | North West Ripple |
    +-------------------+
    SELECT 1 row in set (... sec)

.. _sql_dql_from_clause:

``FROM`` clause
===============

The ``FROM`` clause is used to reference the relation this select query is
based upon. Can be a single table, many tables, a view, a :ref:`JOIN
<sql_joins>` or another ref:`SELECT <sql_reference_select>` statement.

Tables and views are referenced by schema and table name and can optionally be
aliased.  If the relation ``t`` is only referenced by name, CrateDB assumes the
relation ``doc.t`` was meant. Schemas that were newly created using
:ref:`ref-create-table` must be referenced explicitly.

The two following queries are equivalent::

    cr> select name, position from locations
    ... order by name desc nulls last limit 2;
    +-------------------+----------+
    | name              | position |
    +-------------------+----------+
    | Outer Eastern Rim |        2 |
    | North West Ripple |        1 |
    +-------------------+----------+
    SELECT 2 rows in set (... sec)

::

    cr> select doc.locations.name as n, position from doc.locations
    ... order by name desc nulls last limit 2;
    +-------------------+----------+
    | n                 | position |
    +-------------------+----------+
    | Outer Eastern Rim |        2 |
    | North West Ripple |        1 |
    +-------------------+----------+
    SELECT 2 rows in set (... sec)

A table can be aliased for the sake of brevity too::

    cr> select name from doc.locations as l
    ... where l.name = 'Outer Eastern Rim';
    +-------------------+
    | name              |
    +-------------------+
    | Outer Eastern Rim |
    +-------------------+
    SELECT 1 row in set (... sec)

.. _sql_dql_joins:

Joins
=====

.. NOTE::

    CrateDB currently supports only a limited set of JOINs.

    See the :ref:`sql_joins` for current state.

.. _sql_dql_distinct_clause:

``DISTINCT`` clause
===================

If DISTINCT is specified, one unique row is kept. All other duplicate rows are
removed from the result set::

    cr> select distinct date from locations order by date;
    +---------------+
    | date          |
    +---------------+
    | 308534400000  |
    | 1367366400000 |
    | 1373932800000 |
    +---------------+
    SELECT 3 rows in set (... sec)

.. note::

   Using `DISTINCT` is only supported on :ref:`sql_ddl_datatypes_primitives`.

.. _sql_dql_where_clause:

``WHERE`` clause
================

A simple where clause example using an equality operator::

    cr> select description from locations where id = '1';
    +---------------------------------------...--------------------------------------+
    | description                                                                    |
    +---------------------------------------...--------------------------------------+
    | Relative to life on NowWhat, living on... a factor of about seventeen million. |
    +---------------------------------------...--------------------------------------+
    SELECT 1 row in set (... sec)

Comparison operators
--------------------

These :ref:`sql_operators` are supported and can be used for all simple data
types.

For strings a lexicographical comparison is performed based on the Lucene
TermRangeQuery::

    cr> select name from locations where name > 'Argabuthon' order by name;
    +------------------------------------+
    | name                               |
    +------------------------------------+
    | Arkintoofle Minor                  |
    | Bartledan                          |
    | Galactic Sector QQ7 Active J Gamma |
    | North West Ripple                  |
    | Outer Eastern Rim                  |
    +------------------------------------+
    SELECT 5 rows in set (... sec)

For details please refer to the `Apache Lucene`_ site.

.. _`Apache Lucene`: http://lucene.apache.org/core/4_0_0/core/org/apache/lucene/search/Query.html

Number and date field comparison behave as expected from standard SQL.

The following example uses one of the supported ISO date formats::

    cr> select date, position from locations where date <= '1979-10-12' and
    ... position < 3 order by position;
    +--------------+----------+
    | date         | position |
    +--------------+----------+
    | 308534400000 |        1 |
    | 308534400000 |        2 |
    +--------------+----------+
    SELECT 2 rows in set (... sec)

For a detailed explanation of the supported ISO date formats please refer to
the `joda date_optional_time`_ site.

.. _`joda date_optional_time`: http://joda-time.sourceforge.net/api-release/org/joda/time/format/ISODateTimeFormat.html#dateOptionalTimeParser%28%29

For custom date types, or defined date formats in the object mapping the
corresponding format should be used for a comparison. Otherwise the operation
may fail.

.. _sql_ddl_regexp:

Regular expressions
===================

Operators for matching using regular expressions.

.. list-table::
   :widths: 5 20 15
   :header-rows: 1

   * - Operator
     - Description
     - Example
   * - ``~``
     - Matches regular expression, case sensitive
     - ::

         'foo' ~ '.*foo.*'
   * - ``~*``
     - Matches regular expression, case insensitive
     - ::

         'Foo' ~* '.*foo.*'
   * - ``!~``
     - Does not match regular expression, case sensitive
     - ::

         'Foo' !~ '.*foo.*'
   * - ``!~*``
     - Does not match regular expression, case insensitive
     - ::

         'foo' !~* '.*bar.*'

The ``~`` operator can be used to match a string against a regular expression.
It returns ``true`` if the string matches the pattern, ``false`` if not, and
``NULL`` if string is ``NULL``.

To negate the matching, use the optional ``!`` prefix. The operator returns
``true`` if the string does not match the pattern, ``false`` otherwise.

The regular expression pattern is implicitly anchored, that means that the
whole string must match, not a single subsequence. All unicode characters are
allowed.

If using `PCRE`_ features in the regular expression pattern, the operator uses
the regular expression engine of the Java standard library ``java.util.regex``.

If not using `PCRE`_ features in the regular expression pattern, the operator
uses `Lucene Regular Expressions`_, which are optimized for fast regular
expression matching on Lucene terms.

`Lucene Regular Expressions`_ are basically `POSIX Extended Regular
Expressions`_ without the character classes and with some extensions, like a
metacharacter ``#``  for the empty string or ``~`` for negation and others. By
default all Lucene extensions are enabled. See the Lucene documentation for
more details.

.. NOTE::

    Since case-insensitive matching using ``~*`` or ``!~*`` implicitly uses the
    regular expression engine of the Java standard library, features of `Lucene
    Regular Expressions`_ do not work there.

Examples::

    cr> select name from locations where name ~ '([A-Z][a-z0-9]+)+'
    ... order by name;
    +------------+
    | name       |
    +------------+
    | Aldebaran  |
    | Algol      |
    | Altair     |
    | Argabuthon |
    | Bartledan  |
    +------------+
    SELECT 5 rows in set (... sec)

::

    cr> select 'matches' from sys.cluster where
    ... 'gcc --std=c99 -Wall source.c' ~ '[A-Za-z0-9]+( (-|--)[A-Za-z0-9]+)*( [^ ]+)*';
    +-----------+
    | 'matches' |
    +-----------+
    | matches   |
    +-----------+
    SELECT 1 row in set (... sec)

::

    cr> select 'no_match' from sys.cluster where 'foobaz' !~ '(foo)?(bar)$';
    +------------+
    | 'no_match' |
    +------------+
    | no_match   |
    +------------+
    SELECT 1 row in set (... sec)


.. _sql_dql_like:

``LIKE (ILIKE)``
================

CrateDB supports the ``LIKE`` and ``ILIKE`` operators. These operators can
be used to query for rows where only part of a columns value should match
something. The only difference is that, in the case of ``ILIKE``, the
matching is case insensitive.

For example to get all locations where the name starts with 'Ar' the following
queries can be used::

    cr> select name from locations where name like 'Ar%' order by name asc;
    +-------------------+
    | name              |
    +-------------------+
    | Argabuthon        |
    | Arkintoofle Minor |
    +-------------------+
    SELECT 2 rows in set (... sec)

::

    cr> select name from locations where name ilike 'ar%' order by name asc;
    +-------------------+
    | name              |
    +-------------------+
    | Argabuthon        |
    | Arkintoofle Minor |
    +-------------------+
    SELECT 2 rows in set (... sec)

The following wildcard operators are available:

== ========================================
%  A substitute for zero or more characters
_  A substitute for a single character
== ========================================

The wildcard operators may be used at any point in the string literal. For
example a more complicated like clause could look like this::

    cr> select name from locations where name like '_r%a%' order by name asc;
    +------------+
    | name       |
    +------------+
    | Argabuthon |
    +------------+
    SELECT 1 row in set (... sec)

In order so search for the wildcard characters themselves it is possible to
escape them using a backslash::

    cr> select description from locations
    ... where description like '%\%' order by description asc;
    +-------------------------+
    | description             |
    +-------------------------+
    | The end of the Galaxy.% |
    +-------------------------+
    SELECT 1 row in set (... sec)

.. CAUTION::

    Queries with a like/ilike clause can be quite slow. Especially if the clause
    starts with a wildcard character. Because in that case CrateDB has to iterate
    over all rows and can't utilize the index. For better performance consider
    using a fulltext index.

.. _sql_dql_not:

``NOT``
=======

``NOT`` negates a boolean expression::

    [ NOT ] boolean_expression

The result type is boolean.

==========  ======
expression  result
==========  ======
true        false
false       true
null        null
==========  ======

.. WARNING::

   CrateDB handles the case of ``NOT (NULL)`` inconsistently. The above is only
   true when the ``NOT`` appears in a ``SELECT`` clause or a ``WHERE`` clause
   that operates on system tables. The result of ``NOT (NULL)`` in a
   ``WHERE`` clause that operates on user tables will produce
   inconsistent but deterministic results (``NULL`` or ``TRUE``)
   depending on the specifics of the clause. This does not adhere to
   standard SQL three-valued-logic and will be fixed in a future release.

.. _sql_dql_in:

``IN``
======

CrateDB also supports the binary operator ``IN``, which allows you to verify
the membership of left-hand operand in a right-hand set of expressions. Returns
``true`` if any evaluated expression value from a right-hand set equals
left-hand operand. Returns ``false`` otherwise::

    cr> select name, kind from locations
    ... where (kind in ('Star System', 'Planet'))  order by name asc;
     +---------------------+-------------+
     | name                | kind        |
     +---------------------+-------------+
     |                     | Planet      |
     | Aldebaran           | Star System |
     | Algol               | Star System |
     | Allosimanius Syneca | Planet      |
     | Alpha Centauri      | Star System |
     | Altair              | Star System |
     | Argabuthon          | Planet      |
     | Arkintoofle Minor   | Planet      |
     | Bartledan           | Planet      |
     +---------------------+-------------+
     SELECT 9 rows in set (... sec)

The ``IN`` construct can be used in :ref:`sql_subquery_expressions` or
:ref:`sql_array_comparisons`.

.. _sql_dql_is_null:

``IS NULL``
===========

Returns ``TRUE`` if ``expr`` evaluates to ``NULL``. Given a column reference it
returns ``TRUE`` if the field contains ``NULL`` or is missing.

Use this predicate to check for ``NULL`` values as SQL's three-valued logic
does always return ``NULL`` when comparing ``NULL``.

:expr:
  Expression of one of the supported :ref:`data-types` supported by CrateDB.

::

    cr> select name from locations where inhabitants is null order by name;
    +------------------------------------+
    | name                               |
    +------------------------------------+
    |                                    |
    | Aldebaran                          |
    | Algol                              |
    | Allosimanius Syneca                |
    | Alpha Centauri                     |
    | Altair                             |
    | Argabuthon                         |
    | Galactic Sector QQ7 Active J Gamma |
    | North West Ripple                  |
    | Outer Eastern Rim                  |
    | NULL                               |
    +------------------------------------+
    SELECT 11 rows in set (... sec)

::

    cr> select count(*) from locations where name is null;
    +----------+
    | count(*) |
    +----------+
    |        1 |
    +----------+
    SELECT 1 row in set (... sec)

.. _sql_dql_is_not_null:

``IS NOT NULL``
===============

Returns ``TRUE`` if ``expr`` does not evaluate to ``NULL``. Additionally, for
column references it returns ``FALSE`` if the column does not exist.

Use this predicate to check for non-``NULL`` values as SQL's three-valued logic
does always return ``NULL`` when comparing ``NULL``.

:expr:
  Expression of one of the supported :ref:`data-types` supported by CrateDB.

::

    cr> select count(*) from locations where name is not null;
    +----------+
    | count(*) |
    +----------+
    |       12 |
    +----------+
    SELECT 1 row in set (... sec)

.. _sql_dql_arrays:

Arrays
======

CrateDB supports an :ref:`array <data-type-array>` data type. It is possible
to select and query array elements.

For example, you might :ref:`insert <inserting_data>` an array like so::

    cr> insert into locations (id, name, position, kind, landmarks)
    ... values (14, 'Frogstar', 4, 'Star System',
    ...     ['Total Perspective Vortex', 'Milliways']
    ... );
    INSERT OK, 1 row affected (... sec)

.. Hidden: refresh locations

    cr> refresh table locations;
    REFRESH OK, 1 row affected (... sec)

The result::

    cr> select name, landmarks from locations
    ... where name = 'Frogstar';
    +----------+-------------------------------------------+
    | name     | landmarks                                 |
    +----------+-------------------------------------------+
    | Frogstar | ["Total Perspective Vortex", "Milliways"] |
    +----------+-------------------------------------------+
    SELECT 1 row in set (... sec)

The individual array elements can be selected from the ``landmarks`` column
with ``landmarks[n]``, where ``n`` is the integer array index, like so::

    cr> select name, landmarks[1] from locations
    ... where name = 'Frogstar';
    +----------+--------------------------+
    | name     | landmarks[1]             |
    +----------+--------------------------+
    | Frogstar | Total Perspective Vortex |
    +----------+--------------------------+
    SELECT 1 row in set (... sec)

.. NOTE::

    The first index value is ``1``. The maximum array index is ``2147483648``.
    Using an index greater than the array size results in a NULL value.

Individual array elements can also be addressed in the :ref:`where clause
<sql_dql_where_clause>`, like so::

    cr> select name, landmarks from locations
    ... where landmarks[2] = 'Milliways';
    +----------+-------------------------------------------+
    | name     | landmarks                                 |
    +----------+-------------------------------------------+
    | Frogstar | ["Total Perspective Vortex", "Milliways"] |
    +----------+-------------------------------------------+
    SELECT 1 row in set (... sec)

When using the ``=`` operator, as above, the value of the array element at
index ``n`` is compared. To compare against *any* array element, see
:ref:`sql_dql_any_array`.

.. NOTE::

   You can nest arrays within arrays, but you can only have one subscript value
   per expression. The following won't work:

   ``select my_column[1][2] from my_table;``


.. _sql_dql_objects:

Objects
=======

CrateDB supports an :ref:`object <object_data_type>` data type. It is possible
to select and query object properties.

For example, you might insert an object like so::

    cr> insert into locations (id, name, position, kind, inhabitants)
    ... values (15, 'Betelgeuse', 2, 'Star System',
    ...     {name = 'Betelgeuseans',
    ...      description = 'Humanoids with two heads'}
    ... );
    INSERT OK, 1 row affected (... sec)

.. Hidden: refresh locations

    cr> refresh table locations;
    REFRESH OK, 1 row affected (... sec)

The result::

    cr> select name, inhabitants from locations
    ... where name = 'Betelgeuse';
    +------------+----------------------------------------------------------------------+
    | name       | inhabitants                                                          |
    +------------+----------------------------------------------------------------------+
    | Betelgeuse | {"description": "Humanoids with two heads", "name": "Betelgeuseans"} |
    +------------+----------------------------------------------------------------------+
    SELECT 1 row in set (... sec)

The object properties can be selected from the ``inhabitants`` column with
``inhabitants['property']``, where ``property`` is the property name, like so::

    cr> select name, inhabitants['name'] from locations
    ... where name = 'Betelgeuse';
    +------------+---------------------+
    | name       | inhabitants['name'] |
    +------------+---------------------+
    | Betelgeuse | Betelgeuseans       |
    +------------+---------------------+
    SELECT 1 row in set (... sec)

Object property can also be addressed in the :ref:`where clause
<sql_dql_where_clause>`, like so::

    cr> select name, inhabitants from locations
    ... where inhabitants['name'] = 'Betelgeuseans';
    +------------+----------------------------------------------------------------------+
    | name       | inhabitants                                                          |
    +------------+----------------------------------------------------------------------+
    | Betelgeuse | {"description": "Humanoids with two heads", "name": "Betelgeuseans"} |
    +------------+----------------------------------------------------------------------+
    SELECT 1 row in set (... sec)


.. _sql_dql_array_objects:

Arrays within objects
=====================

Objects may contain arrays, and these arrays can be selected and queried.

For example, you might insert an object containing an array like so::

    cr> insert into locations (id, name, position, kind, inhabitants)
    ... values (16, 'Folfanga', 4, 'Star System',
    ...     {name = 'A-Rth-Urp-Hil-Ipdenu',
    ...      description = 'A species of small slug',
    ...      interests = ['lettuce', 'slime']}
    ... );
    INSERT OK, 1 row affected (... sec)

.. Hidden: refresh locations

    cr> refresh table locations;
    REFRESH OK, 1 row affected (... sec)

The result::

    cr> select name, inhabitants from locations
    ... where name = 'Folfanga';
      +----------+---------------------------------------------------------------------------------------------------------------+
    | name     | inhabitants                                                                                                   |
    +----------+---------------------------------------------------------------------------------------------------------------+
    | Folfanga | {"description": "A species of small slug", "interests": ["lettuce", "slime"], "name": "A-Rth-Urp-Hil-Ipdenu"} |
    +----------+---------------------------------------------------------------------------------------------------------------+
    SELECT 1 row in set (... sec)

The child array can be selected as a property of the parent object in the
``inhabitants`` column using ``inhabitants['property']``, where ``property`` is
the parent object property name, like so::

    cr> select name, inhabitants['interests'] from locations
    ... where name = 'Folfanga';
    +----------+--------------------------+
    | name     | inhabitants['interests'] |
    +----------+--------------------------+
    | Folfanga | ["lettuce", "slime"]     |
    +----------+--------------------------+
    SELECT 1 row in set (... sec)

The elements of the child array can be selected with
``inhabitants[n]['property']``, where ``n`` is the child array index and
``property`` is the parent object property name, like so::

    cr> select name, inhabitants[1]['interests'] from locations
    ... where name = 'Folfanga';
    +----------+-----------------------------+
    | name     | inhabitants[1]['interests'] |
    +----------+-----------------------------+
    | Folfanga | lettuce                     |
    +----------+-----------------------------+
    SELECT 1 row in set (... sec)

.. NOTE::

    When accessing arrays within objects, the child array index comes before
    the parent object property name (i.e., ``my_column[n]['property']``), not
    the other way around. At the moment, the reverse syntax (i.e.,
    ``my_column['property'][n]``) is not supported.

    Note also that ``my_column[n]['property']`` syntax can reference the
    ``property`` of a child object at index ``n`` of a parent array, if the
    column holds :ref:`arrays instead of objects <sql_dql_object_arrays>`. This
    makes the syntax `polymorphic`_ (i.e., behavior is inferred from the data
    type of the column).

    As an alternative, child arrays can be :ref:`type cast
    <type_cast_from_string_literal>` to :ref:`text <data-type-text>` if you
    want the array index to appear last::

        cr> select name, inhabitants['interests']::text[][1] from locations
        ... where name = 'Folfanga';
        +----------+-----------------------------+
        | name     | inhabitants[1]['interests'] |
        +----------+-----------------------------+
        | Folfanga | lettuce                     |
        +----------+-----------------------------+
        SELECT 1 row in set (... sec)

.. _polymorphic: https://en.wikipedia.org/wiki/Polymorphism_(computer_science)

The elements of the child array can also be addressed in the :ref:`where
clause <sql_dql_where_clause>`, like so::

    cr> select name, inhabitants from locations
    ... where inhabitants[1]['interests'] = 'lettuce'
    ... order by name;
    +----------+---------------------------------------------------------------------------------------------------------------+
    | name     | inhabitants                                                                                                   |
    +----------+---------------------------------------------------------------------------------------------------------------+
    | Folfanga | {"description": "A species of small slug", "interests": ["lettuce", "slime"], "name": "A-Rth-Urp-Hil-Ipdenu"} |
    +----------+---------------------------------------------------------------------------------------------------------------+
    SELECT 1 row in set (... sec)

.. NOTE::

   You can nest arrays and objects however you like, but you can only have one
   subscript value per expression. The following won't work:

   ``select my_column[1]['property'][2] from my_table;``


.. _sql_dql_object_arrays:

Object within arrays
====================

Arrays may contain objects, and these can be selected and queried.

For example, you might insert an array of objects like so::

    cr> insert into locations (id, name, position, kind, information)
    ... values (
    ...   17, 'Orion Beta', 3, 'Star System',
    ...   [{evolution_level=6, population=3600001},
    ...   {evolution_level=42, population=1}]
    ... );
    INSERT OK, 1 row affected (... sec)

.. Hidden: refresh locations

    cr> refresh table locations;
    REFRESH OK, 1 row affected (... sec)

The result::

    cr> select name, information from locations
    ... where name = 'Orion Beta';
    +------------+-------------------------------------------------------------------------------------------+
    | name       | information                                                                               |
    +------------+-------------------------------------------------------------------------------------------+
    | Orion Beta | [{"evolution_level": 6, "population": 3600001}, {"evolution_level": 42, "population": 1}] |
    +------------+-------------------------------------------------------------------------------------------+
    SELECT 1 row in set (... sec)

The individual child objects can be selected as an element of the parent array
in the ``information`` column using ``locations[1]``, where ``n`` is the parent
array index, like so::

    cr> select name, information[1] from locations
    ... where name = 'Orion Beta';
    +------------+-----------------------------------------------+
    | name       | information[1]                                |
    +------------+-----------------------------------------------+
    | Orion Beta | {"evolution_level": 6, "population": 3600001} |
    +------------+-----------------------------------------------+
    SELECT 1 row in set (... sec)

The properties of individual child objects can be selected with
``locations[n]['property']``, where ``n`` is the parent array index and
``property`` is the child property name, like so::

    cr> select name, information[1]['population'] from locations
    ... where name = 'Orion Beta';
    +------------+------------------------------+
    | name       | information[1]['population'] |
    +------------+------------------------------+
    | Orion Beta |                      3600001 |
    +------------+------------------------------+
    SELECT 1 row in set (... sec)

.. NOTE::

    The ``my_column[n]['property']`` syntax can reference the child array index
    ``n`` of a parent object ``property``, if the column holds :ref:`objects
    instead of arrays <sql_dql_array_objects>`. This makes the syntax
    `polymorphic`_ (i.e., behavior is inferred from the data type of the
    column).

Additionally, you can query the same ``property`` of *every* object within the
array by omitting the array index, like so::

    cr> select name, information['population'] from locations
    ... where information['population'] is not null;
    +-------------------+---------------------------+
    | name              | information['population'] |
    +-------------------+---------------------------+
    | North West Ripple | [12, 42]                  |
    | Outer Eastern Rim | [5673745846]              |
    | Orion Beta        | [3600001, 1]              |
    +-------------------+---------------------------+
    SELECT 3 rows in set (... sec)

.. NOTE::

   You can nest arrays and objects however you like, but you can only have one
   subscript value per expression. The following won't work:

   ``select my_column[1]['property'][2] from my_table;``


.. _sql_dql_any_array:

``ANY (array)``
===============

The ANY (or SOME) function allows you to query elements within arrays.

For example, this query returns any row where the array
``inhabitants['interests']`` contains a ``netball`` element::

    cr> select inhabitants['name'], inhabitants['interests'] from locations
    ... where 'netball' = ANY(inhabitants['interests']);
    +---------------------+------------------------------+
    | inhabitants['name'] | inhabitants['interests']     |
    +---------------------+------------------------------+
    | Minories            | ["netball", "short stories"] |
    | Bartledannians      | ["netball"]                  |
    +---------------------+------------------------------+
    SELECT 2 rows in set (... sec)

This query combines the ``ANY`` function with the :ref:`LIKE <sql_dql_like>`
operator::

    cr> select inhabitants['name'], inhabitants['interests'] from locations
    ... where '%stories%' LIKE ANY(inhabitants['interests']);
    +---------------------+------------------------------+
    | inhabitants['name'] | inhabitants['interests']     |
    +---------------------+------------------------------+
    | Minories            | ["netball", "short stories"] |
    +---------------------+------------------------------+
    SELECT 1 row in set (... sec)

This query passes a literal array value to the ``ANY`` function::

    cr> select name, inhabitants['interests'] from locations
    ... where name = ANY(ARRAY['Bartledan', 'Algol'])
    ... order by name asc;
    +-----------+--------------------------+
    | name      | inhabitants['interests'] |
    +-----------+--------------------------+
    | Algol     | NULL                     |
    | Bartledan | ["netball"]              |
    +-----------+--------------------------+
    SELECT 2 rows in set (... sec)

This query selects any locations with at least one (i.e., :ref:`ANY
<sql_dql_any_array>`) population figure above 100::

    cr> select name, information['population'] from locations
    ... where 100 < ANY (information['population'])
    ... order by name;
    +-------------------+---------------------------+
    | name              | information['population'] |
    +-------------------+---------------------------+
    | Orion Beta        | [3600001, 1]              |
    | Outer Eastern Rim | [5673745846]              |
    +-------------------+---------------------------+
    SELECT 2 rows in set (... sec)

.. NOTE::

    It is possible to use ``ANY`` to compare values directly against the
    properties of object arrays, as above. However, this usage is discouraged
    as it cannot utilize the table index and requires the equivalent of a table
    scan.

The ``ANY`` construct can be used in :ref:`subquery expressions
<sql_subquery_expressions>` and :ref:`array comparisons
<sql_array_comparisons>`.


Negating ``ANY``
----------------

Negating the ``ANY`` operator does not behave like other comparison operators.

The following query negates ``ANY`` using ``!=`` to return all rows where
``inhabitants['interests']`` has *at least one* element that is not
``netball``::

    cr> select inhabitants['name'], inhabitants['interests'] from locations
    ... where 'netball' != ANY(inhabitants['interests']);
    +----------------------+------------------------------+
    | inhabitants['name']  | inhabitants['interests']     |
    +----------------------+------------------------------+
    | Minories             | ["netball", "short stories"] |
    | A-Rth-Urp-Hil-Ipdenu | ["lettuce", "slime"]         |
    +----------------------+------------------------------+
    SELECT 2 rows in set (... sec)

.. NOTE::

    When using the  ``!= ANY(<array_col>))`` syntax, the default maximum size
    of the array can be 8192. To be use larger arrays, you must configure the
    :ref:`indices.query.bool.max_clause_count
    <indices.query.bool.max_clause_count>` setting as appropriate on each node.

Negating the same query with a preceding ``not`` returns all rows where
``inhabitants['interests']`` has no ``netball`` element::

    cr> select inhabitants['name'], inhabitants['interests'] from locations
    ... where not 'netball' = ANY(inhabitants['interests']);
    +----------------------+--------------------------+
    | inhabitants['name']  | inhabitants['interests'] |
    +----------------------+--------------------------+
    | A-Rth-Urp-Hil-Ipdenu | ["lettuce", "slime"]     |
    +----------------------+--------------------------+
    SELECT 1 row in set (... sec)

This behaviour applies to:

 - ``LIKE`` and ``NOT LIKE``

 - All other comparison operators (excluding ``IS NULL`` and ``IS NOT NULL``)

.. NOTE::

    When using the ``NOT`` with ``ANY``, the performance of the query may be
    poor because special handling is required to implement the `3-valued
    logic`_. For better performance, consider using the :ref:`ignore3vl
    <ignore3vl>` function.

    Additionally, When using ``NOT`` with ``LIKE ANY`` or ``NOT LIKE ANY``,
    the default maximum size of the array can be 8192. To be use larger arrays,
    you must configure the :ref:`indices.query.bool.max_clause_count
    <indices.query.bool.max_clause_count>` setting as appropriate on each node.


.. _sql_dql_aggregation:

Data aggregation
================

CrateDB supports :ref:`aggregation` via the following aggregation functions.

Aggregation works across all the rows that match a query or on all matching
rows in every distinct group of a ``GROUP BY`` statement. Aggregating
``SELECT`` statements without ``GROUP BY`` will always return one row.

+---------------------+---------------+----------------------------------+-----------------------+
| Name                | Arguments     | Description                      | Return Type           |
+=====================+===============+==================================+=======================+
| ARBITRARY           | column name of| Returns an undefined value of    | the input             |
|                     | a primitive   | all the values in the argument   | column type or NULL   |
|                     | typed         | column. Can be NULL.             | if some value of the  |
|                     | column        |                                  | matching rows in that |
|                     | (all but      |                                  | column is NULL        |
|                     | object)       |                                  |                       |
+---------------------+---------------+----------------------------------+-----------------------+
| AVG / MEAN          | column name of| Returns the arithmetic mean of   | double or NULL        |
|                     | a numeric or  | the values in the argument       | if all values of all  |
|                     | timestamp     | column.                          | matching rows in that |
|                     | column        | NULL-values are ignored.         | column are NULL       |
+---------------------+---------------+----------------------------------+-----------------------+
| COUNT(*)            | star as       | Counts the number of rows        | long                  |
|                     | parameter or  | that match the query.            |                       |
|                     | as constant   |                                  |                       |
+---------------------+---------------+----------------------------------+-----------------------+
| COUNT               | column name   | Counts the number of rows        | long                  |
|                     |               | that contain a non NULL          |                       |
|                     |               | value for the given column.      |                       |
+---------------------+---------------+----------------------------------+-----------------------+
| COUNT(DISTINCT col) | column name   | Counts the number of distinct    | long                  |
|                     |               | values for the given column      |                       |
|                     |               | that are not NULL.               |                       |
+---------------------+---------------+----------------------------------+-----------------------+
| GEOMETRIC_MEAN      | column name of| Computes the geometric mean for  | double or NULL        |
|                     | a numeric or  | positive numbers.                | if all values of all  |
|                     | timestamp     |                                  | matching rows in that |
|                     | column        |                                  | are NULL or if a value|
|                     |               |                                  | is negative.          |
+---------------------+---------------+----------------------------------+-----------------------+
| MIN                 | column name of| Returns the smallest of the      | the input             |
|                     | a numeric,    | values in the argument column    | column type or NULL   |
|                     | timestamp     | in case of strings this          | if all values in that |
|                     | or string     | means the lexicographically      | matching rows in that |
|                     | column        | smallest. NULL-values are ignored| column are NULL       |
+---------------------+---------------+----------------------------------+-----------------------+
| MAX                 | column name of| Returns the biggest of the       | the input             |
|                     | a numeric,    | values in the argument column    | column type or NULL   |
|                     | timestamp     | in case of strings this          | if all values of all  |
|                     | or string     | means the lexicographically      | matching rows in that |
|                     | column        | biggest. NULL-values are ignored | column are NULL       |
+---------------------+---------------+----------------------------------+-----------------------+
| STDDEV              | column name of| Returns the standard deviation   | double or NULL        |
|                     | a numeric or  | of the values in the argument    | if all values are NULL|
|                     | timestamp     | column.                          | or we got no value at |
|                     | column        | NULL-values are ignored.         | all                   |
+---------------------+---------------+----------------------------------+-----------------------+
| STRING_AGG          | an expression | Concatenated input values into   | text                  |
|                     | and delimiter | a string, separated by a         |                       |
|                     | of a text type| delimiter.                       |                       |
|                     |               | NULL-values are ignored.         |                       |
+---------------------+---------------+----------------------------------+-----------------------+
| PERCENTILE          | column of a   | Returns the provided percentile  | a double precision    |
|                     | numeric type  | of the values in the argument    | value                 |
|                     | and a double  | column.                          |                       |
|                     | percentile    | NULL-values are ignored.         |                       |
|                     | value         |                                  |                       |
+---------------------+---------------+----------------------------------+-----------------------+
| SUM                 | column name of| Returns the sum of the values in | double or NULL        |
|                     | a numeric or  | the argument column.             | if all values of all  |
|                     | timestamp     | NULL-values are ignored.         | matching rows in that |
|                     | column        |                                  | column are NULL       |
+---------------------+---------------+----------------------------------+-----------------------+
| VARIANCE            | column name of| Returns the variance of the      | double or NULL        |
|                     | a numeric or  | values in the argument column.   | if all values are NULL|
|                     | timestamp     | NULL-values are ignored.         | or we got no value at |
|                     | column        |                                  | all                   |
+---------------------+---------------+----------------------------------+-----------------------+

Some Examples::

    cr> select count(*) from locations;
    +----------+
    | count(*) |
    +----------+
    |       17 |
    +----------+
    SELECT 1 row in set (... sec)

::

    cr> select count(*) from locations where kind = 'Planet';
    +----------+
    | count(*) |
    +----------+
    |        5 |
    +----------+
    SELECT 1 row in set (... sec)

::

    cr> select count(name), count(*) from locations;
    +-------------+----------+
    | count(name) | count(*) |
    +-------------+----------+
    |          16 |       17 |
    +-------------+----------+
    SELECT 1 row in set (... sec)

::

    cr> select max(name) from locations;
    +-------------------+
    | max(name)         |
    +-------------------+
    | Outer Eastern Rim |
    +-------------------+
    SELECT 1 row in set (... sec)

::

    cr> select min(date) from locations;
    +--------------+
    | min(date)    |
    +--------------+
    | 308534400000 |
    +--------------+
    SELECT 1 row in set (... sec)

::

    cr> select count(*), kind from locations
    ... group by kind order by kind asc;
    +----------+-------------+
    | count(*) | kind        |
    +----------+-------------+
    |        4 | Galaxy      |
    |        5 | Planet      |
    |        8 | Star System |
    +----------+-------------+
    SELECT 3 rows in set (... sec)

::

    cr> select max(position), kind from locations
    ... group by kind order by max(position) desc;
    +---------------+-------------+
    | max(position) | kind        |
    +---------------+-------------+
    |             6 | Galaxy      |
    |             5 | Planet      |
    |             4 | Star System |
    +---------------+-------------+
    SELECT 3 rows in set (... sec)

::

    cr> select min(name), kind from locations
    ... group by kind order by min(name) asc;
    +------------------------------------+-------------+
    | min(name)                          | kind        |
    +------------------------------------+-------------+
    |                                    | Planet      |
    | Aldebaran                          | Star System |
    | Galactic Sector QQ7 Active J Gamma | Galaxy      |
    +------------------------------------+-------------+
    SELECT 3 rows in set (... sec)

::

    cr> select count(*), min(name), kind from locations
    ... group by kind order by kind;
    +----------+------------------------------------+-------------+
    | count(*) | min(name)                          | kind        |
    +----------+------------------------------------+-------------+
    |        4 | Galactic Sector QQ7 Active J Gamma | Galaxy      |
    |        5 |                                    | Planet      |
    |        8 | Aldebaran                          | Star System |
    +----------+------------------------------------+-------------+
    SELECT 3 rows in set (... sec)

::

    cr> select sum(position) as sum_positions, kind from locations
    ... group by kind order by sum_positions;
    +---------------+-------------+
    | sum_positions | kind        |
    +---------------+-------------+
    |            13 | Galaxy      |
    |            15 | Planet      |
    |            23 | Star System |
    +---------------+-------------+
    SELECT 3 rows in set (... sec)

Window functions
================

CrateDB supports the :ref:`OVER <over>` clause to enable the execution of
:ref:`window functions <window-functions>`::

    cr> select sum(position) OVER() AS pos_sum, name from locations order by name;
    +---------+------------------------------------+
    | pos_sum | name                               |
    +---------+------------------------------------+
    |      51 |                                    |
    |      51 | Aldebaran                          |
    |      51 | Algol                              |
    |      51 | Allosimanius Syneca                |
    |      51 | Alpha Centauri                     |
    |      51 | Altair                             |
    |      51 | Argabuthon                         |
    |      51 | Arkintoofle Minor                  |
    |      51 | Bartledan                          |
    |      51 | Betelgeuse                         |
    |      51 | Folfanga                           |
    |      51 | Frogstar                           |
    |      51 | Galactic Sector QQ7 Active J Gamma |
    |      51 | North West Ripple                  |
    |      51 | Orion Beta                         |
    |      51 | Outer Eastern Rim                  |
    |      51 | NULL                               |
    +---------+------------------------------------+
    SELECT 17 rows in set (... sec)

.. _sql_dql_group_by:

``GROUP BY``
============

CrateDB supports the ``group by`` clause. This clause can be used to group the
resulting rows by the value(s) of one or more columns. That means that rows
that contain duplicate values will be merged.

This is useful if used in conjunction with aggregation functions::

    cr> select count(*), kind from locations
    ... group by kind order by count(*) desc, kind asc;
    +----------+-------------+
    | count(*) | kind        |
    +----------+-------------+
    |        8 | Star System |
    |        5 | Planet      |
    |        4 | Galaxy      |
    +----------+-------------+
    SELECT 3 rows in set (... sec)

.. NOTE::

   All columns that are used either as result column or in the order by clause
   have to be used within the group by clause. Otherwise the statement won't
   execute.

   Grouping will be executed against the real table column when aliases that
   shadow the table columns are used.

   Grouping on array columns doesn't work, but arrays can be unnested in a
   subquery using :ref:`unnest`, it is then possible to use GROUP BY on the
   subquery.

.. _sql_dql_having:

``HAVING``
----------

The having clause is the equivalent to the where clause for the resulting rows
of a group by clause.

A simple having clause example using an equality operator::

    cr> select count(*), kind from locations
    ... group by kind having count(*) = 4 order by kind;
    +----------+--------+
    | count(*) | kind   |
    +----------+--------+
    |        4 | Galaxy |
    +----------+--------+
    SELECT 1 row in set (... sec)

The condition of the having clause can refer to the resulting columns of the
group by clause.

It is also possible to use aggregates in the having clause just like in the
result columns::

    cr> select count(*), kind from locations
    ... group by kind having min(name) = 'Aldebaran';
    +----------+-------------+
    | count(*) | kind        |
    +----------+-------------+
    |        8 | Star System |
    +----------+-------------+
    SELECT 1 row in set (... sec)

::

    cr> select count(*), kind from locations
    ... group by kind having count(*) = 4 and kind like 'Gal%';
    +----------+--------+
    | count(*) | kind   |
    +----------+--------+
    |        4 | Galaxy |
    +----------+--------+
    SELECT 1 row in set (... sec)

.. NOTE::

   Aliases are not supported in the having clause.

.. _`3-valued logic`: https://en.wikipedia.org/wiki/Null_(SQL)#Comparisons_with_NULL_and_the_three-valued_logic_(3VL)
.. _Lucene Regular Expressions: http://lucene.apache.org/core/4_9_0/core/org/apache/lucene/util/automaton/RegExp.html
.. _PCRE: https://en.wikipedia.org/wiki/Perl_Compatible_Regular_Expressions
.. _POSIX Extended Regular Expressions: http://en.wikipedia.org/wiki/Regular_expression#POSIX_extended
